2023_12_29,20231229FR 1134,DEP,FR 1134,06:00 Uhr,departed,on time,BCN,FR,Barcelona,Ryanair,---,Fri
2023_12_29,20231229FR 2502,DEP,FR 2502,06:00 Uhr,departed,on time,LPA,FR,Gran Canaria,Ryanair,---,Fri
2023_12_29,20231229FR 9164,DEP,FR 9164,06:00 Uhr,departed,on time,TSF,FR,Treviso,Ryanair,---,Fri
2023_12_29,20231229KL 1818,DEP,KL 1818,06:00 Uhr,departed,on time,AMS,KL,Amsterdam,KLM Royal Dutch Airlines,---,Fri
2023_12_29,20231229TP 537,DEP,TP 537,06:00 Uhr,departed,on time,LIS,TP,Lissabon,TAP Air Portugal,---,Fri
2023_12_29,20231229FR 162,DEP,FR 162,06:05 Uhr,departed,on time,BRU,FR,Brüssel,Ryanair,---,Fri
2023_12_29,20231229FR 3388,DEP,FR 3388,06:05 Uhr,departed,on time,MRS,FR,Marseille,Ryanair,---,Fri
2023_12_29,20231229FR 138,DEP,FR 138,06:15 Uhr,departed,on time,VLC,FR,Valencia,Ryanair,---,Fri
2023_12_29,20231229FR 3670,DEP,FR 3670,06:15 Uhr,departed,on time,DUB,FR,Dublin,Ryanair,---,Fri
2023_12_29,20231229LH 1957,DEP,LH 1957,06:15 Uhr,departed,on time,MUC,LH,München,Lufthansa,---,Fri
2023_12_29,20231229EW 8590,DEP,EW 8590,06:20 Uhr,departed,on time,PMI,EW,Palma de Mallorca,Eurowings,---,Fri
2023_12_29,20231229FR 3366,DEP,FR 3366,06:20 Uhr,departed,on time,ACE,FR,Lanzarote,Ryanair,---,Fri
2023_12_29,20231229LH 173,DEP,LH 173,06:25 Uhr,departed,on time,FRA,LH,Frankfurt,Lufthansa,---,Fri
2023_12_29,20231229EJU5261,DEP,EJU5261,06:30 Uhr,departed,on time,CPH,EJU,Kopenhagen,easyJet Europe,---,Fri
2023_12_29,20231229EJU5119,DEP,EJU5119,06:40 Uhr,departed,06:50 Uhr,PMI,EJU,Palma de Mallorca,easyJet Europe,---,Fri
2023_12_29,20231229FR 1146,DEP,FR 1146,06:40 Uhr,departed,07:00 Uhr,SKG,FR,Thessaloniki,Ryanair,---,Fri
2023_12_29,20231229TK 1728,DEP,TK 1728,06:40 Uhr,departed,on time,IST,TK,Istanbul Airport,Turkish Airlines,---,Fri
2023_12_29,20231229AF 1135,DEP,AF 1135,06:55 Uhr,departed,on time,CDG,AF,Paris CDG,Air France,---,Fri
2023_12_29,20231229BA 8490,DEP,BA 8490,06:55 Uhr,departed,on time,LCY,BA,London City Airport,British Airways,---,Fri
2023_12_29,20231229EJU5181,DEP,EJU5181,07:00 Uhr,departed,on time,GVA,EJU,Genf,easyJet Europe,---,Fri
2023_12_29,20231229I2 3673,DEP,I2 3673,07:00 Uhr,departed,07:15 Uhr,MAD,IBS,Madrid,IBERIA Express,---,Fri
2023_12_29,20231229LX 963,DEP,LX 963,07:00 Uhr,departed,on time,ZRH,LX,Zürich,Swiss,---,Fri
2023_12_29,20231229OS 240,DEP,OS 240,07:00 Uhr,departed,on time,VIE,OS,Wien,Austrian Airlines,---,Fri
2023_12_29,20231229BA 981,DEP,BA 981,07:05 Uhr,departed,on time,LHR,BA,London LHR,British Airways,---,Fri
2023_12_29,20231229EJU5281,DEP,EJU5281,07:10 Uhr,departed,on time,AMS,EJU,Amsterdam,easyJet Europe,---,Fri
2023_12_29,20231229EW 1150,DEP,EW 1150,07:10 Uhr,departed,07:40 Uhr,DXB,EW,Dubai,Eurowings,---,Fri
2023_12_29,20231229EW 8186,DEP,EW 8186,07:10 Uhr,departed,07:40 Uhr,LPA,EW,Gran Canaria,Eurowings,---,Fri
2023_12_29,20231229SN 2592,DEP,SN 2592,07:10 Uhr,departed,on time,BRU,SN,Brüssel,Brussels Airlines,---,Fri
2023_12_29,20231229EJU8628,DEP,EJU8628,07:15 Uhr,departed,on time,LGW,EJU,London LGW,easyJet Europe,---,Fri
2023_12_29,20231229EJU5111,DEP,EJU5111,07:20 Uhr,departed,on time,LPA,EJU,Gran Canaria,easyJet Europe,---,Fri
2023_12_29,20231229EJU5113,DEP,EJU5113,07:20 Uhr,departed,07:35 Uhr,TFS,EJU,Teneriffa,easyJet Europe,---,Fri
2023_12_29,20231229EJU5147,DEP,EJU5147,07:25 Uhr,departed,on time,CDG,EJU,Paris CDG,easyJet Europe,---,Fri
2023_12_29,20231229EW 8180,DEP,EW 8180,07:35 Uhr,departed,on time,FUE,EW,Fuerteventura,Eurowings,---,Fri
2023_12_29,20231229LH 175,DEP,LH 175,07:40 Uhr,departed,on time,FRA,LH,Frankfurt,Lufthansa,---,Fri
2023_12_29,20231229FR 3311,DEP,FR 3311,07:55 Uhr,departed,on time,BGY,FR,Mailand BGY,Ryanair,---,Fri
2023_12_29,20231229FR 136,DEP,FR 136,08:05 Uhr,departed,on time,BLQ,FR,Bologna,Ryanair,---,Fri
2023_12_29,20231229EJU5063,DEP,EJU5063,08:15 Uhr,departed,on time,LIN,EJU,Mailand LIN,easyJet Europe,---,Fri
2023_12_29,20231229EZS1186,DEP,EZS1186,08:15 Uhr,departed,on time,BSL,DS,Basel,easyJet Switzerland,---,Fri
2023_12_29,20231229EW 013,DEP,EW 013,08:25 Uhr,departed,08:40 Uhr,CGN,EW,Köln/Bonn,Eurowings,---,Fri
2023_12_29,20231229W6 2316,DEP,W6 2316,08:30 Uhr,departed,08:40 Uhr,BUD,W6,Budapest,Wizz Air,---,Fri
2023_12_29,20231229BT 212,DEP,BT 212,08:35 Uhr,departed,09:00 Uhr,RIX,BT,Riga,Air Baltic,---,Fri
2023_12_29,20231229AY 1432,DEP,AY 1432,08:45 Uhr,departed,09:10 Uhr,HEL,AY,Helsinki,Finnair,---,Fri
2023_12_29,20231229LG 9472,DEP,LG 9472,08:55 Uhr,departed,on time,LUX,LG,Luxemburg,Luxair,---,Fri
2023_12_29,20231229EJU4874,DEP,EJU4874,09:00 Uhr,departed,on time,ORY,EJU,Paris Orly,easyJet Europe,---,Fri
2023_12_29,20231229LH 1929,DEP,LH 1929,09:00 Uhr,departed,on time,MUC,LH,München,Lufthansa,---,Fri
2023_12_29,20231229QR 080,DEP,QR 080,09:00 Uhr,departed,on time,DOH,QR,Doha,Qatar Airways,---,Fri
2023_12_29,20231229W4 6612,DEP,W4 6612,09:05 Uhr,departed,09:20 Uhr,TIA,W4,Tirana,Wizz Air Malta,---,Fri
2023_12_29,20231229XQ 1767,DEP,XQ 1767,09:05 Uhr,departed,on time,GZT,XQ,Gaziantep,Sun Express,---,Fri
2023_12_29,20231229OS 224,DEP,OS 224,09:10 Uhr,departed,on time,VIE,OS,Wien,Austrian Airlines,---,Fri
2023_12_29,20231229EJU5145,DEP,EJU5145,09:30 Uhr,departed,09:40 Uhr,NCE,EJU,Nizza,easyJet Europe,---,Fri
2023_12_29,20231229FR 144,DEP,FR 144,09:35 Uhr,departed,on time,STN,FR,London STN,Ryanair,---,Fri
2023_12_29,20231229LX 975,DEP,LX 975,09:35 Uhr,departed,on time,ZRH,LX,Zürich,Swiss,---,Fri
2023_12_29,20231229LY 2372,DEP,LY 2372,09:35 Uhr,departed,on time,TLV,LY,Tel Aviv,EL AL - Israel Airlines,---,Fri
2023_12_29,20231229LH 181,DEP,LH 181,09:40 Uhr,departed,on time,FRA,LH,Frankfurt,Lufthansa,---,Fri
2023_12_29,20231229DY 1103,DEP,DY 1103,09:45 Uhr,departed,10:15 Uhr,OSL,DY,Oslo,Norwegian Air Shuttle AOC,---,Fri
2023_12_29,20231229UA 963,DEP,UA 963,09:55 Uhr,departed,on time,EWR,UA,New York EWR,United Airlines,---,Fri
2023_12_29,20231229EJU5333,DEP,EJU5333,10:00 Uhr,departed,10:10 Uhr,FNC,EJU,Funchal,easyJet Europe,---,Fri
2023_12_29,20231229EZY8622,DEP,EZY8622,10:05 Uhr,departed,10:55 Uhr,LGW,U2,London LGW,easyJet UK,---,Fri
2023_12_29,20231229KL 1822,DEP,KL 1822,10:10 Uhr,departed,on time,AMS,KL,Amsterdam,KLM Royal Dutch Airlines,---,Fri
2023_12_29,20231229AF 1435,DEP,AF 1435,10:15 Uhr,departed,on time,CDG,AF,Paris CDG,Air France,---,Fri
2023_12_29,20231229FR 040,DEP,FR 040,10:15 Uhr,departed,10:25 Uhr,FCO,FR,Rom FCO,Ryanair,---,Fri
2023_12_29,20231229EI 333,DEP,EI 333,10:20 Uhr,departed,on time,DUB,EI,Dublin,Aer Lingus,---,Fri
2023_12_29,20231229EZY2602,DEP,EZY2602,10:30 Uhr,departed,on time,LTN,U2,London LTN,easyJet UK,---,Fri
2023_12_29,20231229FR 2599,DEP,FR 2599,10:35 Uhr,departed,on time,RIX,FR,Riga,Ryanair,---,Fri
2023_12_29,20231229EW 8290,DEP,EW 8290,10:40 Uhr,departed,on time,TFS,EW,Teneriffa,Eurowings,---,Fri
2023_12_29,20231229FR 5474,DEP,FR 5474,10:40 Uhr,departed,on time,RAK,FR,Marrakesch,Ryanair,---,Fri
2023_12_29,20231229LH 183,DEP,LH 183,10:40 Uhr,departed,on time,FRA,LH,Frankfurt,Lufthansa,---,Fri
2023_12_29,20231229FR 234,DEP,FR 234,10:45 Uhr,departed,11:10 Uhr,AGP,FR,Malaga,Ryanair,---,Fri
2023_12_29,20231229VY 1883,DEP,VY 1883,10:45 Uhr,departed,on time,BCN,VY,Barcelona,Vueling Airlines,---,Fri
2023_12_29,20231229LX 977,DEP,LX 977,10:50 Uhr,departed,10:56 Uhr,ZRH,LX,Zürich,Swiss,---,Fri
2023_12_29,20231229TR 721,DEP,TR 721,10:50 Uhr,departed,on time,SIN,TR,Singapur,Scoot,---,Fri
2023_12_29,20231229LH 1935,DEP,LH 1935,11:00 Uhr,departed,on time,MUC,LH,München,Lufthansa,---,Fri
2023_12_29,20231229BA 991,DEP,BA 991,11:05 Uhr,departed,on time,LHR,BA,London LHR,British Airways,---,Fri
2023_12_29,20231229BJ 249,DEP,BJ 249,11:05 Uhr,departed,11:40 Uhr,MIR,BJ,Monastir,Nouvelair Tunisie,---,Fri
2023_12_29,20231229EW 8980,DEP,EW 8980,11:10 Uhr,departed,11:35 Uhr,BEY,EW,Beirut,Eurowings,---,Fri
2023_12_29,20231229TK 1722,DEP,TK 1722,11:10 Uhr,departed,11:20 Uhr,IST,TK,Istanbul Airport,Turkish Airlines,---,Fri
2023_12_29,20231229EJU5057,DEP,EJU5057,11:15 Uhr,departed,12:15 Uhr,VCE,EJU,Venedig,easyJet Europe,---,Fri
2023_12_29,20231229FR 2789,DEP,FR 2789,11:15 Uhr,departed,on time,STN,FR,London STN,Ryanair,---,Fri
2023_12_29,20231229LO 388,DEP,LO 388,11:15 Uhr,departed,on time,WAW,LO,Warschau,LOT Polish Airlines,---,Fri
2023_12_29,20231229SR 6452,DEP,SR 6452,11:15 Uhr,departed,on time,HRG,SDR,Hurghada,SUNDAIR,---,Fri
2023_12_29,20231229OS 226,DEP,OS 226,11:20 Uhr,departed,on time,VIE,OS,Wien,Austrian Airlines,---,Fri
2023_12_29,20231229BN 1951,DEP,BN 1951,11:30 Uhr,departed,12:05 Uhr,BZO,LWG,Bozen,Luxwing,---,Fri
2023_12_29,20231229OG 701,DEP,OG 701,11:30 Uhr,departed,11:40 Uhr,KEF,OG,Reykjavik,PLAY,---,Fri
2023_12_29,202312292S 3008,DEP,2S 3008,11:40 Uhr,departed,11:55 Uhr,AYT,2S,Antalya,Southwind Airlines,---,Fri
2023_12_29,20231229A3 821,DEP,A3 821,11:40 Uhr,departed,12:30 Uhr,ATH,A3,Athen,Aegean Airlines,---,Fri
2023_12_29,20231229FH 1282,DEP,FH 1282,11:40 Uhr,departed,12:15 Uhr,AYT,FHY,Antalya,Freebird Airlines,---,Fri
2023_12_29,20231229LH 185,DEP,LH 185,11:40 Uhr,departed,on time,FRA,LH,Frankfurt,Lufthansa,---,Fri
2023_12_29,20231229I2 3677,DEP,I2 3677,11:45 Uhr,departed,12:30 Uhr,MAD,IBS,Madrid,IBERIA Express,---,Fri
2023_12_29,20231229SK 2678,DEP,SK 2678,11:45 Uhr,departed,12:47 Uhr,ARN,SK,Stockholm ARN,SAS-Scandinavian Airlines System,---,Fri
2023_12_29,20231229KL 1824,DEP,KL 1824,11:50 Uhr,departed,12:05 Uhr,AMS,KL,Amsterdam,KLM Royal Dutch Airlines,---,Fri
2023_12_29,20231229BA 8492,DEP,BA 8492,11:55 Uhr,departed,on time,LCY,BA,London City Airport,British Airways,---,Fri
2023_12_29,20231229SN 2582,DEP,SN 2582,11:55 Uhr,departed,12:10 Uhr,BRU,SN,Brüssel,Brussels Airlines,---,Fri
2023_12_29,20231229PC 978,DEP,PC 978,12:00 Uhr,departed,on time,SAW,PC,Istanbul SAW,Pegasus Airlines,---,Fri
2023_12_29,20231229FR 132,DEP,FR 132,12:10 Uhr,departed,12:45 Uhr,BCN,FR,Barcelona,Ryanair,---,Fri
2023_12_29,20231229PC 5008,DEP,PC 5008,12:10 Uhr,departed,on time,AYT,PC,Antalya,Pegasus Airlines,---,Fri
2023_12_29,20231229BA 993,DEP,BA 993,12:15 Uhr,departed,on time,LHR,BA,London LHR,British Airways,---,Fri
2023_12_29,20231229EJU5107,DEP,EJU5107,12:15 Uhr,departed,13:10 Uhr,BCN,EJU,Barcelona,easyJet Europe,---,Fri
2023_12_29,20231229FR 3863,DEP,FR 3863,12:15 Uhr,departed,on time,BRU,FR,Brüssel,Ryanair,---,Fri
2023_12_29,20231229D8 4506,DEP,D8 4506,12:20 Uhr,departed,13:10 Uhr,ARN,D8,Stockholm ARN,Norwegian Air Sweden AOC,---,Fri
2023_12_29,20231229AF 1735,DEP,AF 1735,12:25 Uhr,departed,on time,CDG,AF,Paris CDG,Air France,---,Fri
2023_12_29,20231229EJU5051,DEP,EJU5051,12:30 Uhr,departed,13:00 Uhr,NAP,EJU,Neapel,easyJet Europe,---,Fri
2023_12_29,20231229FR 9956,DEP,FR 9956,12:30 Uhr,departed,on time,PSA,FR,Pisa,Ryanair,---,Fri
2023_12_29,20231229EW 2011,DEP,EW 2011,12:35 Uhr,departed,12:55 Uhr,STR,EW,Stuttgart,Eurowings,LH5390,Fri
2023_12_29,20231229D8 3303,DEP,D8 3303,12:40 Uhr,departed,13:05 Uhr,CPH,D8,Kopenhagen,Norwegian Air Sweden AOC,---,Fri
2023_12_29,20231229FR 2418,DEP,FR 2418,12:40 Uhr,departed,13:00 Uhr,TFS,FR,Teneriffa,Ryanair,---,Fri
2023_12_29,20231229LH 187,DEP,LH 187,12:40 Uhr,departed,on time,FRA,LH,Frankfurt,Lufthansa,---,Fri
2023_12_29,20231229FR 3309,DEP,FR 3309,12:50 Uhr,departed,on time,BRI,FR,Bari,Ryanair,---,Fri
2023_12_29,20231229LH 2207,DEP,LH 2207,12:50 Uhr,departed,on time,MUC,LH,München,Lufthansa,---,Fri
2023_12_29,20231229TP 531,DEP,TP 531,12:50 Uhr,departed,13:10 Uhr,LIS,TP,Lissabon,TAP Air Portugal,---,Fri
2023_12_29,20231229FI 529,DEP,FI 529,12:55 Uhr,departed,on time,KEF,FI,Reykjavik,Icelandair,---,Fri
2023_12_29,20231229HU 490,DEP,HU 490,12:55 Uhr,departed,on time,PEK,HU,Peking,Hainan Airlines,---,Fri
2023_12_29,20231229EJU5265,DEP,EJU5265,13:00 Uhr,departed,13:10 Uhr,CPH,EJU,Kopenhagen,easyJet Europe,---,Fri
2023_12_29,20231229SR 150,DEP,SR 150,13:00 Uhr,departed,on time,BEY,SDR,Beirut,SUNDAIR,---,Fri
2023_12_29,20231229AY 1434,DEP,AY 1434,13:05 Uhr,departed,13:40 Uhr,HEL,AY,Helsinki,Finnair,---,Fri
2023_12_29,20231229EJU5121,DEP,EJU5121,13:15 Uhr,departed,on time,PMI,EJU,Palma de Mallorca,easyJet Europe,---,Fri
2023_12_29,20231229N0 623,DEP,N0 623,13:15 Uhr,departed,on time,MIA,N0,Miami,Norse Atlantic Airways,---,Fri
2023_12_29,20231229EW 8220,DEP,EW 8220,13:25 Uhr,departed,13:45 Uhr,GOT,EW,Göteborg GOT,Eurowings,---,Fri
2023_12_29,20231229XQ 161,DEP,XQ 161,13:25 Uhr,departed,13:50 Uhr,AYT,XQ,Antalya,Sun Express,---,Fri
2023_12_29,20231229EJU5065,DEP,EJU5065,13:30 Uhr,departed,13:50 Uhr,LIN,EJU,Mailand LIN,easyJet Europe,---,Fri
2023_12_29,20231229LH 189,DEP,LH 189,13:40 Uhr,departed,on time,FRA,LH,Frankfurt,Lufthansa,---,Fri
2023_12_29,20231229TK 7729,DEP,TK 7729,13:40 Uhr,departed,on time,SAW,TK,Istanbul SAW,Turkish Airlines,---,Fri
2023_12_29,20231229EJU5377,DEP,EJU5377,13:45 Uhr,departed,14:20 Uhr,PSA,EJU,Pisa,easyJet Europe,---,Fri
2023_12_29,20231229FR 146,DEP,FR 146,13:45 Uhr,departed,on time,STN,FR,London STN,Ryanair,---,Fri
2023_12_29,20231229XQ 947,DEP,XQ 947,13:55 Uhr,departed,14:10 Uhr,ADB,XQ,Izmir ADB,Sun Express,---,Fri
2023_12_29,20231229BA 983,DEP,BA 983,14:00 Uhr,departed,on time,LHR,BA,London LHR,British Airways,---,Fri
2023_12_29,20231229TK 1726,DEP,TK 1726,14:20 Uhr,departed,14:37 Uhr,IST,TK,Istanbul Airport,Turkish Airlines,---,Fri
2023_12_29,20231229DY 1105,DEP,DY 1105,14:25 Uhr,departed,15:10 Uhr,OSL,DY,Oslo,Norwegian Air Shuttle AOC,---,Fri
2023_12_29,20231229KL 1826,DEP,KL 1826,14:30 Uhr,departed,on time,AMS,KL,Amsterdam,KLM Royal Dutch Airlines,---,Fri
2023_12_29,20231229IA 264,DEP,IA 264,14:35 Uhr,departed,17:15 Uhr,BGW,IA,Baghdad,Iraqi Airways,---,Fri
2023_12_29,20231229LH 191,DEP,LH 191,14:40 Uhr,departed,on time,FRA,LH,Frankfurt,Lufthansa,---,Fri
2023_12_29,20231229LX 967,DEP,LX 967,14:55 Uhr,departed,15:50 Uhr,ZRH,LX,Zürich,Swiss,---,Fri
2023_12_29,20231229MS 732,DEP,MS 732,14:55 Uhr,departed,14:50 Uhr,CAI,MS,Kairo,Egypt Air,---,Fri
2023_12_29,20231229OS 230,DEP,OS 230,15:10 Uhr,departed,on time,VIE,OS,Wien,Austrian Airlines,---,Fri
2023_12_29,20231229QR 082,DEP,QR 082,15:15 Uhr,departed,on time,DOH,QR,Doha,Qatar Airways,---,Fri
2023_12_29,20231229PC 980,DEP,PC 980,15:30 Uhr,departed,on time,SAW,PC,Istanbul SAW,Pegasus Airlines,---,Fri
2023_12_29,20231229FR 196,DEP,FR 196,15:35 Uhr,departed,on time,BUD,FR,Budapest,Ryanair,---,Fri
2023_12_29,20231229FR 314,DEP,FR 314,15:35 Uhr,departed,on time,OTP,FR,Bukarest,Ryanair,---,Fri
2023_12_29,20231229LH 193,DEP,LH 193,15:40 Uhr,departed,15:45 Uhr,FRA,LH,Frankfurt,Lufthansa,---,Fri
2023_12_29,20231229AF 1235,DEP,AF 1235,15:45 Uhr,departed,on time,CDG,AF,Paris CDG,Air France,---,Fri
2023_12_29,20231229EJU5103,DEP,EJU5103,15:45 Uhr,departed,on time,VLC,EJU,Valencia,easyJet Europe,---,Fri
2023_12_29,20231229LH 1941,DEP,LH 1941,15:45 Uhr,departed,16:55 Uhr,MUC,LH,München,Lufthansa,---,Fri
2023_12_29,20231229SK 1674,DEP,SK 1674,15:55 Uhr,departed,on time,CPH,SK,Kopenhagen,SAS-Scandinavian Airlines System,---,Fri
2023_12_29,20231229BZ 9271,DEP,BZ 9271,16:05 Uhr,departed,16:45 Uhr,ATH,BBG,Athen,Blue Bird Airways,---,Fri
2023_12_29,20231229FR 2130,DEP,FR 2130,16:05 Uhr,departed,on time,SOF,FR,Sofia,Ryanair,---,Fri
2023_12_29,20231229FR 257,DEP,FR 257,16:05 Uhr,departed,16:20 Uhr,ALC,FR,Alicante,Ryanair,---,Fri
2023_12_29,20231229W6 4010,DEP,W6 4010,16:05 Uhr,departed,on time,BEG,W6,Belgrad,Wizz Air,---,Fri
2023_12_29,20231229EW 9041,DEP,EW 9041,16:15 Uhr,departed,on time,DUS,EW,Düsseldorf,Eurowings,---,Fri
2023_12_29,20231229FR 1144,DEP,FR 1144,16:15 Uhr,departed,on time,MAN,FR,Manchester,Ryanair,---,Fri
2023_12_29,20231229EJU5079,DEP,EJU5079,16:20 Uhr,departed,16:55 Uhr,FCO,EJU,Rom FCO,easyJet Europe,---,Fri
2023_12_29,20231229FB 320,DEP,FB 320,16:20 Uhr,departed,16:35 Uhr,SOF,FB,Sofia,Bulgaria Air,---,Fri
2023_12_29,20231229EJU8624,DEP,EJU8624,16:25 Uhr,departed,on time,LGW,EJU,London LGW,easyJet Europe,---,Fri
2023_12_29,20231229EZY3262,DEP,EZY3262,16:25 Uhr,departed,on time,EDI,U2,Edinburgh,easyJet UK,---,Fri
2023_12_29,20231229KL 1830,DEP,KL 1830,16:30 Uhr,departed,on time,AMS,KL,Amsterdam,KLM Royal Dutch Airlines,---,Fri
2023_12_29,20231229TO 3405,DEP,TO 3405,16:30 Uhr,departed,16:55 Uhr,ORY,TO,Paris Orly,Transavia France,---,Fri
2023_12_29,20231229FR 1576,DEP,FR 1576,16:35 Uhr,departed,17:00 Uhr,CTA,FR,Catania,Ryanair,---,Fri
2023_12_29,20231229EW 017,DEP,EW 017,16:40 Uhr,departed,on time,CGN,EW,Köln/Bonn,Eurowings,---,Fri
2023_12_29,20231229EW 8226,DEP,EW 8226,16:45 Uhr,departed,on time,CPH,EW,Kopenhagen,Eurowings,LH5320,Fri
2023_12_29,20231229LH 1943,DEP,LH 1943,16:45 Uhr,departed,on time,MUC,LH,München,Lufthansa,---,Fri
2023_12_29,20231229XR 596,DEP,XR 596,16:50 Uhr,departed,on time,HRG,CXI,Hurghada,Corendon Airlines Europe,---,Fri
2023_12_29,20231229FR 008,DEP,FR 008,16:55 Uhr,departed,on time,MXP,FR,Mailand MXP,Ryanair,---,Fri
2023_12_29,20231229TK 7733,DEP,TK 7733,16:55 Uhr,departed,17:30 Uhr,ESB,TK,Ankara ESB,Turkish Airlines,---,Fri
2023_12_29,20231229W6 7740,DEP,W6 7740,16:55 Uhr,departed,18:00 Uhr,SKP,W6,Skopje,Wizz Air,---,Fri
2023_12_29,20231229BA 8494,DEP,BA 8494,17:00 Uhr,departed,on time,LCY,BA,London City Airport,British Airways,---,Fri
2023_12_29,20231229W4 3358,DEP,W4 3358,17:00 Uhr,departed,on time,CLJ,W4,Cluj,Wizz Air Malta,---,Fri
2023_12_29,20231229OS 232,DEP,OS 232,17:05 Uhr,departed,on time,VIE,OS,Wien,Austrian Airlines,---,Fri
2023_12_29,20231229TP 533,DEP,TP 533,17:10 Uhr,departed,on time,LIS,TP,Lissabon,TAP Air Portugal,---,Fri
2023_12_29,20231229EW 8230,DEP,EW 8230,17:15 Uhr,departed,17:30 Uhr,HEL,EW,Helsinki,Eurowings,---,Fri
2023_12_29,20231229A3 823,DEP,A3 823,17:25 Uhr,departed,on time,ATH,A3,Athen,Aegean Airlines,---,Fri
2023_12_29,20231229FR 2377,DEP,FR 2377,17:30 Uhr,departed,on time,EDI,FR,Edinburgh,Ryanair,---,Fri
2023_12_29,20231229XQ 661,DEP,XQ 661,17:30 Uhr,departed,on time,AYT,XQ,Antalya,Sun Express,---,Fri
2023_12_29,20231229VOE2597,DEP,VOE2597,17:35 Uhr,departed,on time,SXB,VOE,Straßburg,Volotea Airlines,---,Fri
2023_12_29,20231229FR 2732,DEP,FR 2732,17:40 Uhr,departed,on time,TLL,FR,Tallinn,Ryanair,---,Fri
2023_12_29,20231229LH 197,DEP,LH 197,17:40 Uhr,departed,on time,FRA,LH,Frankfurt,Lufthansa,---,Fri
2023_12_29,20231229BA 995,DEP,BA 995,17:45 Uhr,departed,18:15 Uhr,LHR,BA,London LHR,British Airways,---,Fri
2023_12_29,20231229FR 1148,DEP,FR 1148,18:05 Uhr,departed,on time,SOF,FR,Sofia,Ryanair,---,Fri
2023_12_29,20231229FR 1639,DEP,FR 1639,18:10 Uhr,departed,on time,EMA,FR,Nottingham EMA,Ryanair,---,Fri
2023_12_29,20231229EJU8630,DEP,EJU8630,18:15 Uhr,departed,18:15 Uhr,LGW,EJU,London LGW,easyJet Europe,---,Fri
2023_12_29,20231229XQ 967,DEP,XQ 967,18:15 Uhr,departed,on time,ADB,XQ,Izmir ADB,Sun Express,---,Fri
2023_12_29,20231229AF 1835,DEP,AF 1835,18:20 Uhr,departed,on time,CDG,AF,Paris CDG,Air France,---,Fri
2023_12_29,20231229KL 1832,DEP,KL 1832,18:25 Uhr,departed,on time,AMS,KL,Amsterdam,KLM Royal Dutch Airlines,---,Fri
2023_12_29,20231229BJ 233,DEP,BJ 233,18:35 Uhr,departed,19:30 Uhr,TUN,BJ,Tunis,Nouvelair Tunisie,---,Fri
2023_12_29,20231229EJU5185,DEP,EJU5185,18:35 Uhr,departed,18:37 Uhr,GVA,EJU,Genf,easyJet Europe,---,Fri
2023_12_29,20231229LH 199,DEP,LH 199,18:40 Uhr,departed,19:05 Uhr,FRA,LH,Frankfurt,Lufthansa,---,Fri
2023_12_29,20231229LO 390,DEP,LO 390,18:40 Uhr,departed,on time,WAW,LO,Warschau,LOT Polish Airlines,---,Fri
2023_12_29,20231229LX 971,DEP,LX 971,18:40 Uhr,departed,on time,ZRH,LX,Zürich,Swiss,---,Fri
2023_12_29,20231229SN 2588,DEP,SN 2588,18:40 Uhr,departed,on time,BRU,SN,Brüssel,Brussels Airlines,---,Fri
2023_12_29,20231229EJU5247,DEP,EJU5247,18:55 Uhr,departed,19:31 Uhr,ARN,EJU,Stockholm ARN,easyJet Europe,---,Fri
2023_12_29,20231229EJU5285,DEP,EJU5285,18:55 Uhr,departed,19:01 Uhr,AMS,EJU,Amsterdam,easyJet Europe,---,Fri
2023_12_29,20231229EW 8046,DEP,EW 8046,18:55 Uhr,departed,19:05 Uhr,DUS,EW,Düsseldorf,Eurowings,---,Fri
2023_12_29,20231229FR 3390,DEP,FR 3390,18:55 Uhr,departed,on time,BGY,FR,Mailand BGY,Ryanair,---,Fri
2023_12_29,20231229LH 1949,DEP,LH 1949,19:00 Uhr,departed,on time,MUC,LH,München,Lufthansa,---,Fri
2023_12_29,20231229TK 1724,DEP,TK 1724,19:00 Uhr,departed,19:20 Uhr,IST,TK,Istanbul Airport,Turkish Airlines,---,Fri
2023_12_29,20231229AY 1436,DEP,AY 1436,19:10 Uhr,departed,19:50 Uhr,HEL,AY,Helsinki,Finnair,---,Fri
2023_12_29,20231229EW 4601,DEP,EW 4601,19:15 Uhr,departed,on time,ARN,EW,Stockholm ARN,Eurowings,LH5345,Fri
2023_12_29,20231229EJU5187,DEP,EJU5187,19:20 Uhr,departed,19:28 Uhr,ZRH,EJU,Zürich,easyJet Europe,---,Fri
2023_12_29,20231229EW 2021,DEP,EW 2021,19:20 Uhr,departed,on time,STR,EW,Stuttgart,Eurowings,---,Fri
2023_12_29,20231229EI 337,DEP,EI 337,19:30 Uhr,departed,on time,DUB,EI,Dublin,Aer Lingus,---,Fri
2023_12_29,20231229BT 214,DEP,BT 214,19:40 Uhr,departed,19:51 Uhr,RIX,BT,Riga,Air Baltic,TP6401 A33229,Fri
2023_12_29,20231229OS 236,DEP,OS 236,19:40 Uhr,departed,on time,VIE,OS,Wien,Austrian Airlines,---,Fri
2023_12_29,20231229BA 987,DEP,BA 987,19:45 Uhr,departed,on time,LHR,BA,London LHR,British Airways,---,Fri
2023_12_29,20231229EW 9045,DEP,EW 9045,19:45 Uhr,departed,on time,DUS,EW,Düsseldorf,Eurowings,---,Fri
2023_12_29,20231229I2 3671,DEP,I2 3671,19:45 Uhr,departed,on time,MAD,IBS,Madrid,IBERIA Express,---,Fri
2023_12_29,20231229LX 983,DEP,LX 983,19:45 Uhr,departed,20:00 Uhr,ZRH,LX,Zürich,Swiss,---,Fri
2023_12_29,20231229BT 822,DEP,BT 822,19:50 Uhr,departed,20:10 Uhr,TLL,BT,Tallinn,Air Baltic,A33234,Fri
2023_12_29,20231229FR 1570,DEP,FR 1570,19:55 Uhr,departed,on time,VNO,FR,Vilnius,Ryanair,---,Fri
2023_12_29,20231229EJU5263,DEP,EJU5263,20:00 Uhr,departed,20:12 Uhr,CPH,EJU,Kopenhagen,easyJet Europe,---,Fri
2023_12_29,20231229EW 8346,DEP,EW 8346,20:10 Uhr,departed,on time,GRZ,EW,Graz,Eurowings,OS8834,Fri
2023_12_29,20231229AF 1535,DEP,AF 1535,20:15 Uhr,departed,on time,CDG,AF,Paris CDG,Air France,---,Fri
2023_12_29,20231229DY 1109,DEP,DY 1109,20:15 Uhr,departed,23:20 Uhr,OSL,DY,Oslo,Norwegian Air Shuttle AOC,---,Fri
2023_12_29,20231229EJU4876,DEP,EJU4876,20:25 Uhr,departed,on time,ORY,EJU,Paris Orly,easyJet Europe,---,Fri
2023_12_29,20231229EW 4343,DEP,EW 4343,20:25 Uhr,departed,on time,SZG,EW,Salzburg,Eurowings,OS8722,Fri
2023_12_29,20231229FR 2946,DEP,FR 2946,20:35 Uhr,departed,on time,OPO,FR,Porto,Ryanair,---,Fri
2023_12_29,20231229LX 979,DEP,LX 979,20:40 Uhr,departed,20:55 Uhr,ZRH,LX,Zürich,Swiss,---,Fri
2023_12_29,20231229EJU5067,DEP,EJU5067,20:45 Uhr,departed,on time,LIN,EJU,Mailand LIN,easyJet Europe,---,Fri
2023_12_29,20231229FR 134,DEP,FR 134,20:45 Uhr,departed,on time,FCO,FR,Rom FCO,Ryanair,---,Fri
2023_12_29,20231229JU 355,DEP,JU 355,20:45 Uhr,departed,on time,BEG,JU,Belgrad,Air Serbia,---,Fri
2023_12_29,20231229LG 9474,DEP,LG 9474,20:55 Uhr,departed,on time,LUX,LG,Luxemburg,Luxair,---,Fri
2023_12_29,20231229LH 1955,DEP,LH 1955,21:00 Uhr,departed,on time,MUC,LH,München,Lufthansa,---,Fri
2023_12_29,20231229EZS1188,DEP,EZS1188,21:05 Uhr,departed,on time,BSL,DS,Basel,easyJet Switzerland,---,Fri
2023_12_29,20231229EZY2202,DEP,EZY2202,21:05 Uhr,departed,21:13 Uhr,MAN,U2,Manchester,easyJet UK,---,Fri
2023_12_29,20231229FR 5419,DEP,FR 5419,21:15 Uhr,departed,on time,DUB,FR,Dublin,Ryanair,---,Fri
2023_12_29,20231229EJU4634,DEP,EJU4634,21:25 Uhr,departed,on time,CDG,EJU,Paris CDG,easyJet Europe,---,Fri
2023_12_29,20231229EZY2604,DEP,EZY2604,21:30 Uhr,departed,on time,LTN,U2,London LTN,easyJet UK,---,Fri
2023_12_29,20231229FR 177,DEP,FR 177,21:30 Uhr,departed,on time,STN,FR,London STN,Ryanair,---,Fri
2023_12_29,20231229EZY2934,DEP,EZY2934,21:40 Uhr,departed,21:43 Uhr,BRS,U2,Bristol,easyJet UK,---,Fri
2023_12_29,20231229KM 377,DEP,KM 377,21:45 Uhr,departed,on time,MLA,KM,Malta,Air Malta,---,Fri
2023_12_29,20231229KL 1834,DEP,KL 1834,21:50 Uhr,departed,on time,AMS,KL,Amsterdam,KLM Royal Dutch Airlines,---,Fri
2023_12_29,20231229FR 2535,DEP,FR 2535,21:55 Uhr,departed,on time,KRK,FR,Krakau,Ryanair,---,Fri
2023_12_29,20231229W6 4516,DEP,W6 4516,21:55 Uhr,departed,on time,VAR,W6,Varna,Wizz Air,---,Fri
2023_12_29,20231229VY 1885,DEP,VY 1885,22:00 Uhr,cancelled, --:-- Uhr,BCN,VY,Barcelona,Vueling Airlines,---,Fri
2023_12_29,20231229W6 2318,DEP,W6 2318,22:00 Uhr,departed,on time,BUD,W6,Budapest,Wizz Air,---,Fri
2023_12_29,20231229FR 110,DEP,FR 110,22:30 Uhr,departed,on time,PMI,FR,Palma de Mallorca,Ryanair,---,Fri
2023_12_29,20231229HU 489,ARR,HU 489,06:40 Uhr,arrived,06:08 Uhr,PEK,HU,Peking,Hainan Airlines,---,Fri
2023_12_29,20231229QR 079,ARR,QR 079,06:50 Uhr,arrived,07:00 Uhr,DOH,QR,Doha,Qatar Airways,---,Fri
2023_12_29,20231229EZS1185,ARR,EZS1185,07:30 Uhr,arrived,07:10 Uhr,BSL,DS,Basel,easyJet Switzerland,---,Fri
2023_12_29,20231229FR 3312,ARR,FR 3312,07:30 Uhr,arrived,07:08 Uhr,BGY,FR,Mailand BGY,Ryanair,---,Fri
2023_12_29,20231229FR 137,ARR,FR 137,07:40 Uhr,arrived,07:29 Uhr,BLQ,FR,Bologna,Ryanair,---,Fri
2023_12_29,20231229EW 012,ARR,EW 012,07:45 Uhr,arrived,07:26 Uhr,CGN,EW,Köln/Bonn,Eurowings,---,Fri
2023_12_29,20231229BT 211,ARR,BT 211,07:55 Uhr,arrived,07:50 Uhr,RIX,BT,Riga,Air Baltic,A33219,Fri
2023_12_29,20231229UA 962,ARR,UA 962,07:55 Uhr,arrived,07:22 Uhr,EWR,UA,New York EWR,United Airlines,---,Fri
2023_12_29,20231229W6 2315,ARR,W6 2315,07:55 Uhr,arrived,07:58 Uhr,BUD,W6,Budapest,Wizz Air,---,Fri
2023_12_29,20231229AY 1431,ARR,AY 1431,08:00 Uhr,arrived,08:26 Uhr,HEL,AY,Helsinki,Finnair,---,Fri
2023_12_29,20231229XQ 1766,ARR,XQ 1766,08:05 Uhr,arrived,07:53 Uhr,GZT,XQ,Gaziantep,Sun Express,---,Fri
2023_12_29,20231229LH 1928,ARR,LH 1928,08:10 Uhr,arrived,08:04 Uhr,MUC,LH,München,Lufthansa,---,Fri
2023_12_29,20231229LG 9471,ARR,LG 9471,08:15 Uhr,arrived,07:56 Uhr,LUX,LG,Luxemburg,Luxair,---,Fri
2023_12_29,20231229EJU4873,ARR,EJU4873,08:25 Uhr,arrived,08:17 Uhr,ORY,EJU,Paris Orly,easyJet Europe,---,Fri
2023_12_29,20231229LY 2371,ARR,LY 2371,08:25 Uhr,arrived,08:00 Uhr,TLV,LY,Tel Aviv,EL AL - Israel Airlines,---,Fri
2023_12_29,20231229OS 223,ARR,OS 223,08:25 Uhr,arrived,08:12 Uhr,VIE,OS,Wien,Austrian Airlines,---,Fri
2023_12_29,20231229EJU5068,ARR,EJU5068,08:30 Uhr,arrived,08:14 Uhr,LIN,EJU,Mailand LIN,easyJet Europe,---,Fri
2023_12_29,20231229W4 6611,ARR,W4 6611,08:30 Uhr,arrived,08:09 Uhr,TIA,W4,Tirana,Wizz Air Malta,---,Fri
2023_12_29,20231229LX 974,ARR,LX 974,08:45 Uhr,arrived,08:38 Uhr,ZRH,LX,Zürich,Swiss,---,Fri
2023_12_29,20231229LH 174,ARR,LH 174,08:55 Uhr,arrived,08:41 Uhr,FRA,LH,Frankfurt,Lufthansa,---,Fri
2023_12_29,20231229DY 1102,ARR,DY 1102,09:05 Uhr,arrived,09:32 Uhr,OSL,DY,Oslo,Norwegian Air Shuttle AOC,---,Fri
2023_12_29,20231229FR 145,ARR,FR 145,09:10 Uhr,arrived,08:45 Uhr,STN,FR,London STN,Ryanair,---,Fri
2023_12_29,20231229EJU5262,ARR,EJU5262,09:15 Uhr,arrived,08:55 Uhr,CPH,EJU,Kopenhagen,easyJet Europe,---,Fri
2023_12_29,20231229AF 1434,ARR,AF 1434,09:20 Uhr,arrived,09:17 Uhr,CDG,AF,Paris CDG,Air France,---,Fri
2023_12_29,20231229FR 163,ARR,FR 163,09:20 Uhr,arrived,09:03 Uhr,BRU,FR,Brüssel,Ryanair,---,Fri
2023_12_29,20231229KL 1821,ARR,KL 1821,09:25 Uhr,arrived,09:08 Uhr,AMS,KL,Amsterdam,KLM Royal Dutch Airlines,---,Fri
2023_12_29,20231229EZY8621,ARR,EZY8621,09:30 Uhr,arrived,10:11 Uhr,LGW,U2,London LGW,easyJet UK,---,Fri
2023_12_29,20231229FR 9165,ARR,FR 9165,09:35 Uhr,arrived,09:39 Uhr,TSF,FR,Treviso,Ryanair,---,Fri
2023_12_29,20231229EI 332,ARR,EI 332,09:40 Uhr,arrived,09:30 Uhr,DUB,EI,Dublin,Aer Lingus,---,Fri
2023_12_29,20231229TK 1721,ARR,TK 1721,09:45 Uhr,arrived,09:40 Uhr,IST,TK,Istanbul Airport,Turkish Airlines,---,Fri
2023_12_29,20231229EZY2601,ARR,EZY2601,09:50 Uhr,arrived,09:36 Uhr,LTN,U2,London LTN,easyJet UK,---,Fri
2023_12_29,20231229TR 720,ARR,TR 720,09:50 Uhr,arrived,10:33 Uhr,SIN,TR,Singapur,Scoot,---,Fri
2023_12_29,20231229LH 176,ARR,LH 176,09:55 Uhr,arrived,09:43 Uhr,FRA,LH,Frankfurt,Lufthansa,---,Fri
2023_12_29,20231229LX 976,ARR,LX 976,10:00 Uhr,arrived,10:07 Uhr,ZRH,LX,Zürich,Swiss,---,Fri
2023_12_29,20231229VY 1882,ARR,VY 1882,10:00 Uhr,arrived,09:24 Uhr,BCN,VY,Barcelona,Vueling Airlines,---,Fri
2023_12_29,20231229BA 990,ARR,BA 990,10:05 Uhr,arrived,09:38 Uhr,LHR,BA,London LHR,British Airways,---,Fri
2023_12_29,20231229FR 2600,ARR,FR 2600,10:10 Uhr,arrived,10:01 Uhr,RIX,FR,Riga,Ryanair,---,Fri
2023_12_29,20231229LH 1934,ARR,LH 1934,10:10 Uhr,arrived,09:58 Uhr,MUC,LH,München,Lufthansa,---,Fri
2023_12_29,20231229BJ 248,ARR,BJ 248,10:15 Uhr,arrived,10:04 Uhr,MIR,BJ,Monastir,Nouvelair Tunisie,---,Fri
2023_12_29,20231229FR 5475,ARR,FR 5475,10:15 Uhr,arrived,09:47 Uhr,RAK,FR,Marrakesch,Ryanair,---,Fri
2023_12_29,20231229FR 235,ARR,FR 235,10:20 Uhr,arrived,10:00 Uhr,AGP,FR,Malaga,Ryanair,---,Fri
2023_12_29,20231229EJU5282,ARR,EJU5282,10:30 Uhr,arrived,10:31 Uhr,AMS,EJU,Amsterdam,easyJet Europe,---,Fri
2023_12_29,20231229LO 387,ARR,LO 387,10:35 Uhr,arrived,10:25 Uhr,WAW,LO,Warschau,LOT Polish Airlines,---,Fri
2023_12_29,20231229OG 700,ARR,OG 700,10:35 Uhr,arrived,10:41 Uhr,KEF,OG,Reykjavik,PLAY,---,Fri
2023_12_29,20231229OS 225,ARR,OS 225,10:35 Uhr,arrived,10:28 Uhr,VIE,OS,Wien,Austrian Airlines,---,Fri
2023_12_29,202312292S 3007,ARR,2S 3007,10:40 Uhr,arrived,10:36 Uhr,AYT,2S,Antalya,Southwind Airlines,---,Fri
2023_12_29,20231229FH 1281,ARR,FH 1281,10:40 Uhr,arrived,10:54 Uhr,AYT,FHY,Antalya,Freebird Airlines,---,Fri
2023_12_29,20231229A3 820,ARR,A3 820,10:45 Uhr,arrived,10:46 Uhr,ATH,A3,Athen,Aegean Airlines,---,Fri
2023_12_29,20231229BN 1950,ARR,BN 1950,10:45 Uhr,arrived,10:39 Uhr,BZO,LWG,Bozen,Luxwing,---,Fri
2023_12_29,20231229FR 3389,ARR,FR 3389,10:50 Uhr,arrived,11:13 Uhr,MRS,FR,Marseille,Ryanair,---,Fri
2023_12_29,20231229I2 3676,ARR,I2 3676,10:55 Uhr,arrived,10:43 Uhr,MAD,IBS,Madrid,IBERIA Express,---,Fri
2023_12_29,20231229LH 178,ARR,LH 178,10:55 Uhr,arrived,10:49 Uhr,FRA,LH,Frankfurt,Lufthansa,---,Fri
2023_12_29,20231229PC 977,ARR,PC 977,10:55 Uhr,arrived,10:52 Uhr,SAW,PC,Istanbul SAW,Pegasus Airlines,---,Fri
2023_12_29,20231229BA 8491,ARR,BA 8491,11:05 Uhr,arrived,10:54 Uhr,LCY,BA,London City Airport,British Airways,---,Fri
2023_12_29,20231229KL 1823,ARR,KL 1823,11:05 Uhr,arrived,11:16 Uhr,AMS,KL,Amsterdam,KLM Royal Dutch Airlines,---,Fri
2023_12_29,20231229SK 2677,ARR,SK 2677,11:05 Uhr,arrived,12:02 Uhr,ARN,SK,Stockholm ARN,SAS-Scandinavian Airlines System,---,Fri
2023_12_29,20231229SN 2581,ARR,SN 2581,11:05 Uhr,arrived,10:57 Uhr,BRU,SN,Brüssel,Brussels Airlines,---,Fri
2023_12_29,20231229N0 624,ARR,N0 624,11:15 Uhr,arrived,10:35 Uhr,MIA,N0,Miami,Norse Atlantic Airways,---,Fri
2023_12_29,20231229BA 992,ARR,BA 992,11:20 Uhr,arrived,11:01 Uhr,LHR,BA,London LHR,British Airways,---,Fri
2023_12_29,20231229EJU5182,ARR,EJU5182,11:20 Uhr,arrived,10:58 Uhr,GVA,EJU,Genf,easyJet Europe,---,Fri
2023_12_29,20231229PC 5007,ARR,PC 5007,11:20 Uhr,arrived,11:06 Uhr,AYT,PC,Antalya,Pegasus Airlines,---,Fri
2023_12_29,20231229FR 3669,ARR,FR 3669,11:25 Uhr,arrived,11:10 Uhr,DUB,FR,Dublin,Ryanair,---,Fri
2023_12_29,20231229AF 1734,ARR,AF 1734,11:30 Uhr,arrived,11:26 Uhr,CDG,AF,Paris CDG,Air France,---,Fri
2023_12_29,20231229EJU5148,ARR,EJU5148,11:35 Uhr,arrived,11:32 Uhr,CDG,EJU,Paris CDG,easyJet Europe,---,Fri
2023_12_29,20231229EJU8629,ARR,EJU8629,11:35 Uhr,arrived,11:54 Uhr,LGW,EJU,London LGW,easyJet Europe,---,Fri
2023_12_29,20231229D8 4505,ARR,D8 4505,11:40 Uhr,arrived,12:37 Uhr,ARN,D8,Stockholm ARN,Norwegian Air Sweden AOC,---,Fri
2023_12_29,20231229FR 133,ARR,FR 133,11:45 Uhr,arrived,11:37 Uhr,BCN,FR,Barcelona,Ryanair,---,Fri
2023_12_29,20231229EW 2010,ARR,EW 2010,11:55 Uhr,arrived,11:49 Uhr,STR,EW,Stuttgart,Eurowings,LH5389,Fri
2023_12_29,20231229LH 180,ARR,LH 180,11:55 Uhr,arrived,12:04 Uhr,FRA,LH,Frankfurt,Lufthansa,---,Fri
2023_12_29,20231229D8 3302,ARR,D8 3302,12:00 Uhr,arrived,12:20 Uhr,CPH,D8,Kopenhagen,Norwegian Air Sweden AOC,---,Fri
2023_12_29,20231229FI 528,ARR,FI 528,12:00 Uhr,arrived,11:51 Uhr,KEF,FI,Reykjavik,Icelandair,---,Fri
2023_12_29,20231229LH 2206,ARR,LH 2206,12:00 Uhr,arrived,11:56 Uhr,MUC,LH,München,Lufthansa,---,Fri
2023_12_29,20231229FR 1147,ARR,FR 1147,12:05 Uhr,arrived,12:42 Uhr,SKG,FR,Thessaloniki,Ryanair,---,Fri
2023_12_29,20231229TP 532,ARR,TP 532,12:05 Uhr,arrived,11:58 Uhr,LIS,TP,Lissabon,TAP Air Portugal,---,Fri
2023_12_29,20231229EJU5064,ARR,EJU5064,12:10 Uhr,arrived,12:08 Uhr,LIN,EJU,Mailand LIN,easyJet Europe,---,Fri
2023_12_29,20231229FR 1135,ARR,FR 1135,12:15 Uhr,arrived,12:04 Uhr,BCN,FR,Barcelona,Ryanair,---,Fri
2023_12_29,20231229FR 2419,ARR,FR 2419,12:15 Uhr,arrived,11:40 Uhr,TFS,FR,Teneriffa,Ryanair,---,Fri
2023_12_29,20231229AY 1433,ARR,AY 1433,12:20 Uhr,arrived,12:40 Uhr,HEL,AY,Helsinki,Finnair,---,Fri
2023_12_29,20231229EW 8591,ARR,EW 8591,12:35 Uhr,arrived,12:16 Uhr,PMI,EW,Palma de Mallorca,Eurowings,---,Fri
2023_12_29,20231229XQ 160,ARR,XQ 160,12:35 Uhr,arrived,12:33 Uhr,AYT,XQ,Antalya,Sun Express,---,Fri
2023_12_29,20231229BA 7027,ARR,BA 7027,12:40 Uhr,arrived,12:25 Uhr,LCY,BA,London City Airport,British Airways,---,Fri
2023_12_29,20231229TK 7728,ARR,TK 7728,12:40 Uhr,arrived,12:47 Uhr,SAW,TK,Istanbul SAW,Turkish Airlines,---,Fri
2023_12_29,20231229FR 139,ARR,FR 139,12:45 Uhr,arrived,12:50 Uhr,VLC,FR,Valencia,Ryanair,---,Fri
2023_12_29,20231229EJU5120,ARR,EJU5120,12:55 Uhr,arrived,12:57 Uhr,PMI,EJU,Palma de Mallorca,easyJet Europe,---,Fri
2023_12_29,20231229LH 182,ARR,LH 182,12:55 Uhr,arrived,12:49 Uhr,FRA,LH,Frankfurt,Lufthansa,---,Fri
2023_12_29,20231229IA 263,ARR,IA 263,13:00 Uhr,arrived,15:37 Uhr,BGW,IA,Baghdad,Iraqi Airways,---,Fri
2023_12_29,20231229XQ 946,ARR,XQ 946,13:05 Uhr,arrived,12:53 Uhr,ADB,XQ,Izmir ADB,Sun Express,---,Fri
2023_12_29,20231229BA 982,ARR,BA 982,13:10 Uhr,arrived,13:03 Uhr,LHR,BA,London LHR,British Airways,---,Fri
2023_12_29,20231229QR 081,ARR,QR 081,13:25 Uhr,arrived,13:12 Uhr,DOH,QR,Doha,Qatar Airways,---,Fri
2023_12_29,20231229TK 1725,ARR,TK 1725,13:25 Uhr,arrived,13:36 Uhr,IST,TK,Istanbul Airport,Turkish Airlines,---,Fri
2023_12_29,20231229DY 1104,ARR,DY 1104,13:45 Uhr,arrived,14:31 Uhr,OSL,DY,Oslo,Norwegian Air Shuttle AOC,---,Fri
2023_12_29,20231229KL 1825,ARR,KL 1825,13:45 Uhr,arrived,13:38 Uhr,AMS,KL,Amsterdam,KLM Royal Dutch Airlines,---,Fri
2023_12_29,20231229LH 184,ARR,LH 184,13:55 Uhr,arrived,13:57 Uhr,FRA,LH,Frankfurt,Lufthansa,---,Fri
2023_12_29,20231229MS 731,ARR,MS 731,13:55 Uhr,arrived,13:44 Uhr,CAI,MS,Kairo,Egypt Air,---,Fri
2023_12_29,20231229LX 966,ARR,LX 966,14:05 Uhr,arrived,15:00 Uhr,ZRH,LX,Zürich,Swiss,---,Fri
2023_12_29,20231229EJU5146,ARR,EJU5146,14:10 Uhr,arrived,14:11 Uhr,NCE,EJU,Nizza,easyJet Europe,---,Fri
2023_12_29,20231229OS 229,ARR,OS 229,14:25 Uhr,arrived,14:17 Uhr,VIE,OS,Wien,Austrian Airlines,---,Fri
2023_12_29,20231229PC 979,ARR,PC 979,14:35 Uhr,arrived,14:29 Uhr,SAW,PC,Istanbul SAW,Pegasus Airlines,---,Fri
2023_12_29,20231229AF 1234,ARR,AF 1234,14:50 Uhr,arrived,14:25 Uhr,CDG,AF,Paris CDG,Air France,---,Fri
2023_12_29,20231229LH 186,ARR,LH 186,14:55 Uhr,arrived,15:08 Uhr,FRA,LH,Frankfurt,Lufthansa,---,Fri
2023_12_29,20231229LH 1940,ARR,LH 1940,14:55 Uhr,arrived,14:44 Uhr,MUC,LH,München,Lufthansa,---,Fri
2023_12_29,20231229BZ 9272,ARR,BZ 9272,15:05 Uhr,arrived,15:35 Uhr,ATH,BBG,Athen,Blue Bird Airways,---,Fri
2023_12_29,20231229EJU5058,ARR,EJU5058,15:10 Uhr,arrived,15:30 Uhr,VCE,EJU,Venedig,easyJet Europe,---,Fri
2023_12_29,20231229FR 041,ARR,FR 041,15:10 Uhr,arrived,15:57 Uhr,FCO,FR,Rom FCO,Ryanair,---,Fri
2023_12_29,20231229FR 197,ARR,FR 197,15:10 Uhr,arrived,15:17 Uhr,BUD,FR,Budapest,Ryanair,---,Fri
2023_12_29,20231229FR 2788,ARR,FR 2788,15:15 Uhr,arrived,15:28 Uhr,STN,FR,London STN,Ryanair,---,Fri
2023_12_29,20231229SK 1673,ARR,SK 1673,15:15 Uhr,arrived,15:09 Uhr,CPH,SK,Kopenhagen,SAS-Scandinavian Airlines System,---,Fri
2023_12_29,20231229FR 3864,ARR,FR 3864,15:30 Uhr,arrived,15:23 Uhr,BRU,FR,Brüssel,Ryanair,---,Fri
2023_12_29,20231229W6 4009,ARR,W6 4009,15:30 Uhr,arrived,15:12 Uhr,BEG,W6,Belgrad,Wizz Air,---,Fri
2023_12_29,20231229EW 9040,ARR,EW 9040,15:40 Uhr,arrived,15:32 Uhr,DUS,EW,Düsseldorf,Eurowings,---,Fri
2023_12_29,20231229FB 319,ARR,FB 319,15:40 Uhr,arrived,15:45 Uhr,SOF,FB,Sofia,Bulgaria Air,---,Fri
2023_12_29,20231229KL 1829,ARR,KL 1829,15:40 Uhr,arrived,15:41 Uhr,AMS,KL,Amsterdam,KLM Royal Dutch Airlines,---,Fri
2023_12_29,20231229EJU5266,ARR,EJU5266,15:45 Uhr,arrived,15:44 Uhr,CPH,EJU,Kopenhagen,easyJet Europe,---,Fri
2023_12_29,20231229EZY3261,ARR,EZY3261,15:50 Uhr,arrived,15:27 Uhr,EDI,U2,Edinburgh,easyJet UK,---,Fri
2023_12_29,20231229FR 1145,ARR,FR 1145,15:50 Uhr,arrived,15:41 Uhr,MAN,FR,Manchester,Ryanair,---,Fri
2023_12_29,20231229TO 3404,ARR,TO 3404,15:50 Uhr,arrived,16:02 Uhr,ORY,TO,Paris Orly,Transavia France,---,Fri
2023_12_29,20231229XQ 660,ARR,XQ 660,15:50 Uhr,arrived,15:51 Uhr,AYT,XQ,Antalya,Sun Express,---,Fri
2023_12_29,20231229BA 8493,ARR,BA 8493,15:55 Uhr,arrived,16:17 Uhr,LCY,BA,London City Airport,British Airways,---,Fri
2023_12_29,20231229LH 1942,ARR,LH 1942,15:55 Uhr,arrived,15:53 Uhr,MUC,LH,München,Lufthansa,---,Fri
2023_12_29,20231229TK 7732,ARR,TK 7732,15:55 Uhr,arrived,16:14 Uhr,ESB,TK,Ankara ESB,Turkish Airlines,---,Fri
2023_12_29,20231229EW 016,ARR,EW 016,16:00 Uhr,arrived,15:50 Uhr,CGN,EW,Köln/Bonn,Eurowings,---,Fri
2023_12_29,20231229XR 595,ARR,XR 595,16:00 Uhr,arrived,15:25 Uhr,HRG,CXI,Hurghada,Corendon Airlines Europe,---,Fri
2023_12_29,20231229EW 4342,ARR,EW 4342,16:05 Uhr,arrived,16:07 Uhr,SZG,EW,Salzburg,Eurowings,OS8721,Fri
2023_12_29,20231229OS 231,ARR,OS 231,16:20 Uhr,arrived,16:11 Uhr,VIE,OS,Wien,Austrian Airlines,---,Fri
2023_12_29,20231229TP 534,ARR,TP 534,16:20 Uhr,arrived,16:00 Uhr,LIS,TP,Lissabon,TAP Air Portugal,---,Fri
2023_12_29,20231229W6 7739,ARR,W6 7739,16:20 Uhr,arrived,17:03 Uhr,SKP,W6,Skopje,Wizz Air,---,Fri
2023_12_29,20231229W4 3357,ARR,W4 3357,16:25 Uhr,arrived,17:53 Uhr,CLJ,W4,Cluj,Wizz Air Malta,---,Fri
2023_12_29,20231229A3 822,ARR,A3 822,16:30 Uhr,arrived,16:25 Uhr,ATH,A3,Athen,Aegean Airlines,---,Fri
2023_12_29,20231229FR 009,ARR,FR 009,16:30 Uhr,arrived,16:37 Uhr,MXP,FR,Mailand MXP,Ryanair,---,Fri
2023_12_29,20231229EW 8221,ARR,EW 8221,16:35 Uhr,arrived,16:43 Uhr,GOT,EW,Göteborg GOT,Eurowings,---,Fri
2023_12_29,20231229FR 9955,ARR,FR 9955,16:40 Uhr,arrived,16:48 Uhr,PSA,FR,Pisa,Ryanair,---,Fri
2023_12_29,20231229FR 3367,ARR,FR 3367,16:50 Uhr,arrived,16:39 Uhr,ACE,FR,Lanzarote,Ryanair,---,Fri
2023_12_29,20231229LH 190,ARR,LH 190,16:55 Uhr,arrived,16:51 Uhr,FRA,LH,Frankfurt,Lufthansa,---,Fri
2023_12_29,20231229BA 994,ARR,BA 994,17:00 Uhr,arrived,17:14 Uhr,LHR,BA,London LHR,British Airways,---,Fri
2023_12_29,20231229FR 2501,ARR,FR 2501,17:00 Uhr,arrived,16:44 Uhr,LPA,FR,Gran Canaria,Ryanair,---,Fri
2023_12_29,20231229VOE2596,ARR,VOE2596,17:00 Uhr,arrived,16:31 Uhr,SXB,VOE,Straßburg,Volotea Airlines,---,Fri
2023_12_29,20231229XQ 966,ARR,XQ 966,17:15 Uhr,arrived,17:16 Uhr,ADB,XQ,Izmir ADB,Sun Express,---,Fri
2023_12_29,20231229AF 1834,ARR,AF 1834,17:25 Uhr,arrived,17:08 Uhr,CDG,AF,Paris CDG,Air France,---,Fri
2023_12_29,20231229EJU5066,ARR,EJU5066,17:35 Uhr,arrived,18:03 Uhr,LIN,EJU,Mailand LIN,easyJet Europe,---,Fri
2023_12_29,20231229TK 1723,ARR,TK 1723,17:35 Uhr,arrived,18:00 Uhr,IST,TK,Istanbul Airport,Turkish Airlines,---,Fri
2023_12_29,20231229EJU5052,ARR,EJU5052,17:40 Uhr,arrived,18:08 Uhr,NAP,EJU,Neapel,easyJet Europe,---,Fri
2023_12_29,20231229FR 3310,ARR,FR 3310,17:40 Uhr,arrived,17:42 Uhr,BRI,FR,Bari,Ryanair,---,Fri
2023_12_29,20231229KL 1831,ARR,KL 1831,17:40 Uhr,arrived,17:26 Uhr,AMS,KL,Amsterdam,KLM Royal Dutch Airlines,---,Fri
2023_12_29,20231229BJ 232,ARR,BJ 232,17:45 Uhr,arrived,17:50 Uhr,TUN,BJ,Tunis,Nouvelair Tunisie,---,Fri
2023_12_29,20231229FR 176,ARR,FR 176,17:45 Uhr,arrived,17:36 Uhr,STN,FR,London STN,Ryanair,---,Fri
2023_12_29,20231229LX 970,ARR,LX 970,17:50 Uhr,arrived,17:48 Uhr,ZRH,LX,Zürich,Swiss,---,Fri
2023_12_29,20231229SN 2587,ARR,SN 2587,17:50 Uhr,arrived,17:28 Uhr,BRU,SN,Brüssel,Brussels Airlines,---,Fri
2023_12_29,20231229LH 192,ARR,LH 192,17:55 Uhr,arrived,18:01 Uhr,FRA,LH,Frankfurt,Lufthansa,---,Fri
2023_12_29,20231229LO 389,ARR,LO 389,17:55 Uhr,arrived,17:57 Uhr,WAW,LO,Warschau,LOT Polish Airlines,---,Fri
2023_12_29,20231229EW 8187,ARR,EW 8187,18:05 Uhr,arrived,17:38 Uhr,LPA,EW,Gran Canaria,Eurowings,---,Fri
2023_12_29,20231229LH 1948,ARR,LH 1948,18:10 Uhr,arrived,18:05 Uhr,MUC,LH,München,Lufthansa,---,Fri
2023_12_29,20231229EJU5108,ARR,EJU5108,18:15 Uhr,arrived,19:04 Uhr,BCN,EJU,Barcelona,easyJet Europe,---,Fri
2023_12_29,20231229EJU5378,ARR,EJU5378,18:20 Uhr,arrived,18:52 Uhr,PSA,EJU,Pisa,easyJet Europe,---,Fri
2023_12_29,20231229AY 1435,ARR,AY 1435,18:25 Uhr,arrived,18:48 Uhr,HEL,AY,Helsinki,Finnair,---,Fri
2023_12_29,20231229EW 8181,ARR,EW 8181,18:25 Uhr,arrived,18:24 Uhr,FUE,EW,Fuerteventura,Eurowings,---,Fri
2023_12_29,20231229EJU5112,ARR,EJU5112,18:30 Uhr,arrived,18:37 Uhr,LPA,EJU,Gran Canaria,easyJet Europe,---,Fri
2023_12_29,20231229EW 2020,ARR,EW 2020,18:40 Uhr,arrived,18:30 Uhr,STR,EW,Stuttgart,Eurowings,---,Fri
2023_12_29,20231229EI 336,ARR,EI 336,18:50 Uhr,arrived,18:54 Uhr,DUB,EI,Dublin,Aer Lingus,---,Fri
2023_12_29,20231229BA 986,ARR,BA 986,18:55 Uhr,arrived,18:55 Uhr,LHR,BA,London LHR,British Airways,---,Fri
2023_12_29,20231229EJU5114,ARR,EJU5114,18:55 Uhr,arrived,18:58 Uhr,TFS,EJU,Teneriffa,easyJet Europe,---,Fri
2023_12_29,20231229LX 982,ARR,LX 982,18:55 Uhr,arrived,19:13 Uhr,ZRH,LX,Zürich,Swiss,---,Fri
2023_12_29,20231229OS 235,ARR,OS 235,18:55 Uhr,arrived,18:46 Uhr,VIE,OS,Wien,Austrian Airlines,---,Fri
2023_12_29,20231229BT 213,ARR,BT 213,19:00 Uhr,arrived,19:00 Uhr,RIX,BT,Riga,Air Baltic,JU7660,Fri
2023_12_29,20231229I2 3672,ARR,I2 3672,19:00 Uhr,arrived,18:34 Uhr,MAD,IBS,Madrid,IBERIA Express,---,Fri
2023_12_29,20231229EW 9044,ARR,EW 9044,19:05 Uhr,arrived,18:51 Uhr,DUS,EW,Düsseldorf,Eurowings,---,Fri
2023_12_29,20231229BT 821,ARR,BT 821,19:10 Uhr,arrived,19:10 Uhr,TLL,BT,Tallinn,Air Baltic,---,Fri
2023_12_29,20231229AF 1534,ARR,AF 1534,19:20 Uhr,arrived,19:07 Uhr,CDG,AF,Paris CDG,Air France,---,Fri
2023_12_29,20231229EJU5122,ARR,EJU5122,19:30 Uhr,arrived,19:37 Uhr,PMI,EJU,Palma de Mallorca,easyJet Europe,---,Fri
2023_12_29,20231229EW 8347,ARR,EW 8347,19:30 Uhr,arrived,19:22 Uhr,GRZ,EW,Graz,Eurowings,OS8833,Fri
2023_12_29,20231229FR 1571,ARR,FR 1571,19:30 Uhr,arrived,19:42 Uhr,VNO,FR,Vilnius,Ryanair,---,Fri
2023_12_29,20231229DY 1108,ARR,DY 1108,19:35 Uhr,arrived,22:55 Uhr,OSL,DY,Oslo,Norwegian Air Shuttle AOC,---,Fri
2023_12_29,20231229EJU4875,ARR,EJU4875,19:40 Uhr,arrived,19:19 Uhr,ORY,EJU,Paris Orly,easyJet Europe,---,Fri
2023_12_29,20231229EW 8227,ARR,EW 8227,19:45 Uhr,arrived,19:27 Uhr,CPH,EW,Kopenhagen,Eurowings,LH5321,Fri
2023_12_29,20231229LX 978,ARR,LX 978,19:50 Uhr,arrived,20:12 Uhr,ZRH,LX,Zürich,Swiss,---,Fri
2023_12_29,20231229LH 198,ARR,LH 198,19:55 Uhr,arrived,19:47 Uhr,FRA,LH,Frankfurt,Lufthansa,---,Fri
2023_12_29,20231229EJU5334,ARR,EJU5334,20:00 Uhr,arrived,19:58 Uhr,FNC,EJU,Funchal,easyJet Europe,---,Fri
2023_12_29,20231229JU 354,ARR,JU 354,20:00 Uhr,arrived,20:06 Uhr,BEG,JU,Belgrad,Air Serbia,---,Fri
2023_12_29,20231229FR 2945,ARR,FR 2945,20:10 Uhr,arrived,19:44 Uhr,OPO,FR,Porto,Ryanair,---,Fri
2023_12_29,20231229LG 9473,ARR,LG 9473,20:10 Uhr,arrived,19:57 Uhr,LUX,LG,Luxemburg,Luxair,---,Fri
2023_12_29,20231229LH 1954,ARR,LH 1954,20:10 Uhr,arrived,20:01 Uhr,MUC,LH,München,Lufthansa,---,Fri
2023_12_29,20231229FR 135,ARR,FR 135,20:20 Uhr,arrived,21:02 Uhr,FCO,FR,Rom FCO,Ryanair,---,Fri
2023_12_29,20231229FR 315,ARR,FR 315,20:25 Uhr,arrived,21:19 Uhr,OTP,FR,Bukarest,Ryanair,---,Fri
2023_12_29,20231229EZS1187,ARR,EZS1187,20:30 Uhr,arrived,20:09 Uhr,BSL,DS,Basel,easyJet Switzerland,---,Fri
2023_12_29,20231229EZY2201,ARR,EZY2201,20:30 Uhr,arrived,20:18 Uhr,MAN,U2,Manchester,easyJet UK,---,Fri
2023_12_29,20231229EW 8981,ARR,EW 8981,20:40 Uhr,arrived,20:34 Uhr,BEY,EW,Beirut,Eurowings,---,Fri
2023_12_29,20231229EJU4633,ARR,EJU4633,20:50 Uhr,arrived,20:47 Uhr,CDG,EJU,Paris CDG,easyJet Europe,---,Fri
2023_12_29,20231229FR 5418,ARR,FR 5418,20:50 Uhr,arrived,20:32 Uhr,DUB,FR,Dublin,Ryanair,---,Fri
2023_12_29,20231229EZY2603,ARR,EZY2603,20:55 Uhr,arrived,20:55 Uhr,LTN,U2,London LTN,easyJet UK,---,Fri
2023_12_29,20231229FR 2133,ARR,FR 2133,20:55 Uhr,arrived,21:15 Uhr,SOF,FR,Sofia,Ryanair,---,Fri
2023_12_29,20231229KM 376,ARR,KM 376,20:55 Uhr,arrived,20:29 Uhr,MLA,KM,Malta,Air Malta,---,Fri
2023_12_29,20231229EZY2933,ARR,EZY2933,21:05 Uhr,arrived,21:59 Uhr,BRS,U2,Bristol,easyJet UK,---,Fri
2023_12_29,20231229FR 147,ARR,FR 147,21:05 Uhr,arrived,21:21 Uhr,STN,FR,London STN,Ryanair,---,Fri
2023_12_29,20231229KL 1833,ARR,KL 1833,21:05 Uhr,arrived,20:55 Uhr,AMS,KL,Amsterdam,KLM Royal Dutch Airlines,---,Fri
2023_12_29,20231229BA 8495,ARR,BA 8495,21:10 Uhr,arrived,21:28 Uhr,LCY,BA,London City Airport,British Airways,---,Fri
2023_12_29,20231229EJU5080,ARR,EJU5080,21:10 Uhr,arrived,21:30 Uhr,FCO,EJU,Rom FCO,easyJet Europe,---,Fri
2023_12_29,20231229VY 1884,ARR,VY 1884,21:10 Uhr,cancelled, --:-- Uhr,BCN,VY,Barcelona,Vueling Airlines,---,Fri
2023_12_29,20231229EJU8623,ARR,EJU8623,21:15 Uhr,arrived,21:36 Uhr,LGW,EJU,London LGW,easyJet Europe,---,Fri
2023_12_29,20231229W6 4515,ARR,W6 4515,21:20 Uhr,arrived,20:58 Uhr,VAR,W6,Varna,Wizz Air,---,Fri
2023_12_29,20231229W6 2317,ARR,W6 2317,21:25 Uhr,arrived,21:13 Uhr,BUD,W6,Budapest,Wizz Air,---,Fri
2023_12_29,20231229FR 2536,ARR,FR 2536,21:30 Uhr,arrived,21:16 Uhr,KRK,FR,Krakau,Ryanair,---,Fri
2023_12_29,20231229TK 1727,ARR,TK 1727,21:30 Uhr,arrived,21:24 Uhr,IST,TK,Istanbul Airport,Turkish Airlines,---,Fri
2023_12_29,20231229SR 6453,ARR,SR 6453,21:50 Uhr,arrived,21:33 Uhr,HRG,SDR,Hurghada,SUNDAIR,---,Fri
2023_12_29,20231229EW 8047,ARR,EW 8047,21:55 Uhr,arrived,22:02 Uhr,DUS,EW,Düsseldorf,Eurowings,---,Fri
2023_12_29,20231229EW 8231,ARR,EW 8231,21:55 Uhr,arrived,22:27 Uhr,HEL,EW,Helsinki,Eurowings,---,Fri
2023_12_29,20231229FR 2733,ARR,FR 2733,21:55 Uhr,arrived,22:09 Uhr,TLL,FR,Tallinn,Ryanair,---,Fri
2023_12_29,20231229KL 1835,ARR,KL 1835,21:55 Uhr,arrived,21:56 Uhr,AMS,KL,Amsterdam,KLM Royal Dutch Airlines,---,Fri
2023_12_29,20231229EW 1151,ARR,EW 1151,22:00 Uhr,arrived,21:53 Uhr,DXB,EW,Dubai,Eurowings,---,Fri
2023_12_29,20231229BA 988,ARR,BA 988,22:05 Uhr,arrived,22:19 Uhr,LHR,BA,London LHR,British Airways,---,Fri
2023_12_29,20231229FR 111,ARR,FR 111,22:05 Uhr,arrived,23:25 Uhr,PMI,FR,Palma de Mallorca,Ryanair,---,Fri
2023_12_29,20231229FR 2376,ARR,FR 2376,22:10 Uhr,arrived,23:13 Uhr,EDI,FR,Edinburgh,Ryanair,---,Fri
2023_12_29,20231229OS 239,ARR,OS 239,22:15 Uhr,arrived,22:08 Uhr,VIE,OS,Wien,Austrian Airlines,---,Fri
2023_12_29,20231229EJU5104,ARR,EJU5104,22:20 Uhr,arrived,22:18 Uhr,VLC,EJU,Valencia,easyJet Europe,---,Fri
2023_12_29,20231229EJU5286,ARR,EJU5286,22:20 Uhr,arrived,22:52 Uhr,AMS,EJU,Amsterdam,easyJet Europe,---,Fri
2023_12_29,20231229LX 962,ARR,LX 962,22:20 Uhr,arrived,22:30 Uhr,ZRH,LX,Zürich,Swiss,---,Fri
2023_12_29,20231229SN 2591,ARR,SN 2591,22:20 Uhr,arrived,22:04 Uhr,BRU,SN,Brüssel,Brussels Airlines,---,Fri
2023_12_29,20231229LH 202,ARR,LH 202,22:25 Uhr,arrived,22:41 Uhr,FRA,LH,Frankfurt,Lufthansa,---,Fri
2023_12_29,20231229FR 1577,ARR,FR 1577,22:30 Uhr,arrived,23:05 Uhr,CTA,FR,Catania,Ryanair,---,Fri
2023_12_29,20231229FR 1638,ARR,FR 1638,22:30 Uhr,arrived,22:32 Uhr,EMA,FR,Nottingham EMA,Ryanair,---,Fri
2023_12_29,20231229SR 151,ARR,SR 151,22:30 Uhr,arrived,22:25 Uhr,BEY,SDR,Beirut,SUNDAIR,---,Fri
2023_12_29,20231229TP 536,ARR,TP 536,22:35 Uhr,arrived,21:48 Uhr,LIS,TP,Lissabon,TAP Air Portugal,---,Fri
2023_12_29,20231229AF 1134,ARR,AF 1134,22:40 Uhr,arrived,22:15 Uhr,CDG,AF,Paris CDG,Air France,---,Fri
2023_12_29,20231229EJU5186,ARR,EJU5186,22:40 Uhr,arrived,22:51 Uhr,GVA,EJU,Genf,easyJet Europe,---,Fri
2023_12_29,20231229FR 3391,ARR,FR 3391,22:40 Uhr,arrived,22:53 Uhr,BGY,FR,Mailand BGY,Ryanair,---,Fri
2023_12_29,20231229LH 1958,ARR,LH 1958,22:40 Uhr,arrived,22:58 Uhr,MUC,LH,München,Lufthansa,---,Fri
2023_12_29,20231229EJU5264,ARR,EJU5264,22:45 Uhr,arrived,22:47 Uhr,CPH,EJU,Kopenhagen,easyJet Europe,---,Fri
2023_12_29,20231229EJU8631,ARR,EJU8631,22:45 Uhr,arrived,23:03 Uhr,LGW,EJU,London LGW,easyJet Europe,---,Fri
2023_12_29,20231229FR 258,ARR,FR 258,22:50 Uhr,arrived,23:06 Uhr,ALC,FR,Alicante,Ryanair,---,Fri
2023_12_29,20231229EJU5188,ARR,EJU5188,22:55 Uhr,arrived,23:00 Uhr,ZRH,EJU,Zürich,easyJet Europe,---,Fri
2023_12_29,20231229EJU5248,ARR,EJU5248,22:55 Uhr,arrived,23:51 Uhr,ARN,EJU,Stockholm ARN,easyJet Europe,---,Fri
2023_12_29,20231229EW 8291,ARR,EW 8291,23:00 Uhr,arrived,22:23 Uhr,TFS,EW,Teneriffa,Eurowings,---,Fri
2023_12_29,20231229FR 1149,ARR,FR 1149,23:00 Uhr,arrived,23:15 Uhr,SOF,FR,Sofia,Ryanair,---,Fri
2023_12_29,20231229I2 3674,ARR,I2 3674,23:05 Uhr,arrived,22:44 Uhr,MAD,IBS,Madrid,IBERIA Express,---,Fri
2023_12_29,20231229EW 4600,ARR,EW 4600,23:15 Uhr,arrived,23:41 Uhr,ARN,EW,Stockholm ARN,Eurowings,LH5344,Fri
